Listing Name,Price
500 YuGiOh Trading Cards Premium Lot with Rares & Holo [Toy],$21.95
Yugioh 2014 Trading Card Game Super Starter Deck SPACE-TIME SHOWDOWN - 50 cards!,$10.12
Yugioh TCG Trading Card Game Cyber Dragon Revolution Structure Deck - 42 cards,$8.99
Lot of 100 Mint YuGiOh! SUPER Mega Cards Plus 4 Rares PLUS Holo Super/Ultra Rare Inserted!,$5.74
YuGiOh Custom 200 Card ULTRA Lot [180 Commons/Rares & 20 Holo Foils],$11.98
Yu-Gi-Oh! 2012 Premium Collection Tin (14 Foil Cards!),$9.95
Yu-Gi-Oh Starter Deck Yugi & Kaiba Reloaded Set of 2 Sealed,$24.95
100 BCW 9-Pocket Plastic Sheets,$14.09
Yugioh Legendary Collection 3: Yugi's World Box Trading Card with The Seal of Orichalcos,$30.95
YuGiOh! Mega Lot 100 Mint Card Plus 4 Rares with Possible Random Holo Inserted! (YuGiOh! MAKES A GREAT BIRTHDAY...,$5.39
Yugioh Super Starter: V for Victory Deck,$8.89
Ultra Pro Card Supplies YUGIOH Deck Protector Sleeves Black 60 Count,$5.99
"Ultra Pro Pokemon X and Y 2"" 3-Ring Binder",$12.60
Konami Yugioh Card Game Storage Dual Double Deck Box (Version #3 - Red Zexal),$7.50
"Set of 5 New Ultra-Pro Deck Boxes for Magic/Pokemon/YuGiOh Cards (Incl. Red, Blue, Green, Black and White)",$11.99
Yugioh TCG Card Game Legendary Collection Set #5 LC5 5D's Box Set - 48 cards (5 mega packs boosters + 3 promo...,$21.99
